dataset,m_c1,m_c2,m_c3,m_c4,m_l1,m_l2,m_l3,m_s1,m_s2,m_s3,m_s4,m_t2,nmse_random_search,p_random_search
boston,0.6570707854535852,0.5023084634915104,0.2134387351778656,0.023715415019762844,0.14115763647063773,0.03696796919626896,0.191219762882813,0.11253119597674052,0.3852905832520681,0.13578733919449962,0.21433505711320486,46.0,0.5071430227406708,"{'C': 27011.84248070608, 'epsilon': 0.05134665760176271, 'gamma': 0.01552848660363626, 'kernel': 'rbf'}"
