dataset,m_c1,m_c2,m_c3,m_c4,m_l1,m_l2,m_l3,m_s1,m_s2,m_s3,m_s4,m_t2,nmse_bayes_search,p_bayes_search
boston,0.6570707854535852,0.5023084634915104,0.2134387351778656,0.023715415019762844,0.14115763647063845,0.036967969196269004,0.191219762882815,0.11253119597674052,0.3852905832520681,0.1357873391944996,0.21433505711320486,46.0,0.10589448404392311,"{'C': 27164.34320791176, 'epsilon': 0.07724570426695057, 'gamma': 6.337402396355592, 'kernel': 'rbf'}"
socmob,0.5783034451873071,0.09737930015053728,0.5458477508650519,0.004325259515570935,0.02903982327755269,0.0031525658036765268,0.044162581611350935,0.04961318551027783,0.712158107292094,0.0527928887499596,0.05905180188924167,32.111111111111114,0.9396678031809306,"{'C': 8524.989296744301, 'epsilon': 0.10693506693293656, 'gamma': 3.977858912539356, 'kernel': 'rbf'}"
